<?xml version="1.0" encoding="UTF-8"?>
<ContentAsset xmlns="http://soap.sforce.com/2006/04/metadata">
    <isVisibleByExternalUsers>false</isVisibleByExternalUsers>
    <language>fr</language>
    <masterLabel>Capture_dcran_20210407_164535</masterLabel>
    <relationships>
        <organization>
            <access>VIEWER</access>
        </organization>
    </relationships>
    <versions>
        <version>
            <number>1</number>
            <pathOnClient>Capture d’écran 2021-04-07 164535.png</pathOnClient>
        </version>
    </versions>
</ContentAsset>
